<?xml version="1.0" encoding="utf-8" standalone="no" ?>
<wheel xmlns:xsi="http://www.w3.org/2001/XMLSchema-instance" xsi:noNamespaceSchemaLocation="../../../../../../shared/xml/schema/wheel.xsd">
    <brand>MICHELIN</brand>
    <name>CARGOXBIB HEAVY DUTY</name>
    <default>
        <physics radius="0.586" width="0.5" mass="0.128" tireType="offRoad" frictionScale="1.60" maxLongStiffness="8" maxLatStiffness="100" maxLatStiffnessLoad="2" />
        <tire filename="$data/shared/wheels/tires/michelin/cargoXBibHD/R22_5_heavyDuty.i3d" nodeLeft="0|0" nodeRight="0|0" maxDeformation="0.06" sideDeformOffset="0.953" isCareWheel="false" tireTrackAtlasIndex="12" />
        <outerRim filename="$data/shared/wheels/rims/rim001.i3d" node="0|0" widthAndDiam="16 22.5" />
        <innerRim filename="$data/shared/wheels/rims/rim001.i3d" nodeLeft="2|0" nodeRight="2|1" widthAndDiam="16 22.5" />
    </default>
</wheel>
